system,split,p-quran,r-quran,f-quran,p-ot,r-ot,f-ot,p-nt,r-nt,f-nt,p-macro,r-macro,f-macro
baseline,train,1.0,1.0,1.0,1.0,1.0,1.0,1.0,1.0,1.0,1.0,1.0,1.0
baseline,dev,0.811,0.599,0.689,0.835,0.938,0.883,0.841,0.738,0.786,0.82917,0.75804,0.78614
baseline,test,0.838,0.636,0.723,0.838,0.94,0.886,0.831,0.713,0.767,0.83547,0.76316,0.79224
improved,train,1.0,1.0,1.0,1.0,1.0,1.0,1.0,1.0,1.0,1.0,1.0,1.0
improved,dev,0.817,0.599,0.691,0.835,0.941,0.885,0.85,0.736,0.789,0.83411,0.75881,0.78842
improved,test,0.843,0.632,0.722,0.837,0.944,0.888,0.845,0.721,0.778,0.84193,0.76553,0.79595
