system,split,p-quran,r-quran,f-quran,p-ot,r-ot,f-ot,p-nt,r-nt,f-nt,p-macro,r-macro,f-macro
baseline,train,1.0,1.0,1.0,1.0,1.0,1.0,1.0,1.0,1.0,1.0,1.0,1.0
baseline,dev,0.825,0.761,0.792,0.848,0.932,0.888,0.81,0.623,0.704,0.82744,0.77212,0.79461
baseline,test,0.807,0.753,0.779,0.85,0.926,0.886,0.825,0.659,0.733,0.82723,0.7792,0.79927
improved,train,1.0,1.0,1.0,1.0,1.0,1.0,1.0,1.0,1.0,1.0,1.0,1.0
improved,dev,0.821,0.758,0.788,0.839,0.936,0.885,0.802,0.581,0.674,0.82087,0.75838,0.78243
improved,test,0.808,0.748,0.777,0.844,0.925,0.882,0.805,0.63,0.707,0.81892,0.76783,0.78883
