system,split,p-quran,r-quran,f-quran,p-ot,r-ot,f-ot,p-nt,r-nt,f-nt,p-macro,r-macro,f-macro
baseline,train,1.0,1.0,1.0,1.0,1.0,1.0,1.0,1.0,1.0,0.99995,0.99984,0.99989
baseline,dev,0.857,0.72,0.783,0.882,0.839,0.86,0.889,0.95,0.919,0.87614,0.83627,0.8537
baseline,test,0.878,0.743,0.805,0.872,0.835,0.853,0.89,0.948,0.918,0.87992,0.84208,0.85868
improved,train,1.0,1.0,1.0,1.0,1.0,1.0,1.0,1.0,1.0,1.0,1.0,1.0
improved,dev,0.817,0.599,0.691,0.838,0.743,0.787,0.838,0.94,0.886,0.83081,0.76045,0.7881
improved,test,0.843,0.632,0.722,0.834,0.729,0.778,0.84,0.942,0.888,0.83911,0.76765,0.79615
